[{"id":"6285841235677@s.whatsapp.net","time":1648977725911,"reason":"nyimak","sejak":"03/04 16:21:37"},{"id":"6288220040521@s.whatsapp.net","time":1649516027593,"reason":"afk","sejak":"09/04 21:53:47"},{"id":"6288220040521@s.whatsapp.net","time":1649831714205,"reason":"Gatau ngapain.","sejak":"13/04 13:25:59"},{"id":"6288971419677@s.whatsapp.net","time":1649951749488,"reason":"turu","sejak":"14/04 21:06:16"},{"id":"6288220040521@s.whatsapp.net","time":1650011190821,"reason":"lemes beud","sejak":"15/04 15:20:59"},{"id":"62881025719480@s.whatsapp.net","time":1650427911255,"reason":"ngedit","sejak":"20/04 09:36:56"}]