[{"id":"6283142108052@s.whatsapp.net","ikan":5,"ayam":7,"kelinci":1,"domba":0,"sapi":4,"gajah":0},{"id":"62881027024819@s.whatsapp.net","ikan":0,"ayam":0,"kelinci":0,"domba":0,"sapi":0,"gajah":0},{"id":"6285803583481@s.whatsapp.net","ikan":22,"ayam":7,"kelinci":8,"domba":4,"sapi":0,"gajah":0},{"id":"6281225377760@s.whatsapp.net","ikan":44,"ayam":0,"kelinci":0,"domba":0,"sapi":0,"gajah":0},{"id":"6285779386736@s.whatsapp.net","ikan":52,"ayam":0,"kelinci":0,"domba":0,"sapi":0,"gajah":0},{"id":"6281292286714@s.whatsapp.net","ikan":44,"ayam":8,"kelinci":11,"domba":1,"sapi":0,"gajah":1},{"id":"6287836020735@s.whatsapp.net","ikan":0,"ayam":0,"kelinci":0,"domba":0,"sapi":0,"gajah":0},{"id":"6289501060783@s.whatsapp.net","ikan":0,"ayam":0,"kelinci":0,"domba":0,"sapi":0,"gajah":0},{"id":"6283173984933@s.whatsapp.net","ikan":13,"ayam":7,"kelinci":14,"domba":2,"sapi":8,"gajah":4},{"id":"6282376421199@s.whatsapp.net","ikan":30,"ayam":0,"kelinci":0,"domba":0,"sapi":0,"gajah":0},{"id":"60137711356@s.whatsapp.net","ikan":18,"ayam":8,"kelinci":7,"domba":4,"sapi":5,"gajah":2},{"id":"62895336763965@s.whatsapp.net","ikan":0,"ayam":0,"kelinci":0,"domba":0,"sapi":0,"gajah":0},{"id":"6285806334061@s.whatsapp.net","ikan":4,"ayam":0,"kelinci":0,"domba":0,"sapi":0,"gajah":0},{"id":"212609261282@s.whatsapp.net","ikan":0,"ayam":0,"kelinci":0,"domba":0,"sapi":0,"gajah":0},{"id":"6281994703510@s.whatsapp.net","ikan":0,"ayam":0,"kelinci":0,"domba":0,"sapi":0,"gajah":0},{"id":"6289693213131@s.whatsapp.net","ikan":32,"ayam":16,"kelinci":4,"domba":10,"sapi":1,"gajah":3}]