[{"id":"6287708357324@s.whatsapp.net","besi":16,"gold":10,"emerald":0,"umpan":5,"potion":21},{"id":"62895326097674@s.whatsapp.net","besi":15,"gold":10,"emerald":5,"umpan":5,"potion":1},{"id":"6289501060783@s.whatsapp.net","besi":16,"gold":4,"emerald":7,"umpan":9,"potion":1},{"id":"212684896757@s.whatsapp.net","besi":21,"gold":10,"emerald":7,"umpan":5,"potion":1},{"id":"6285803050751@s.whatsapp.net","besi":17,"gold":10,"emerald":6,"umpan":5,"potion":1},{"id":"6281547463839@s.whatsapp.net","besi":23,"gold":10,"emerald":8,"umpan":3,"potion":1},{"id":"6283127014833@s.whatsapp.net","besi":15,"gold":10,"emerald":5,"umpan":5,"potion":1},{"id":"6285311047876@s.whatsapp.net","besi":15,"gold":10,"emerald":5,"umpan":5,"potion":1},{"id":"212608748479@s.whatsapp.net","besi":15,"gold":10,"emerald":5,"umpan":5,"potion":1},{"id":"212611975104@s.whatsapp.net","besi":15,"gold":10,"emerald":5,"umpan":5,"potion":1},{"id":"18054105292@s.whatsapp.net","besi":21,"gold":10,"emerald":6,"umpan":5,"potion":1},{"id":"6285832735966@s.whatsapp.net","besi":20,"gold":10,"emerald":6,"umpan":5,"potion":1},{"id":"6282231533121@s.whatsapp.net","besi":15,"gold":10,"emerald":5,"umpan":5,"potion":1},{"id":"212649038258@s.whatsapp.net","besi":17,"gold":10,"emerald":5,"umpan":5,"potion":0},{"id":"212631162774@s.whatsapp.net","besi":25,"gold":10,"emerald":8,"umpan":5,"potion":1},{"id":"212630175907@s.whatsapp.net","besi":16,"gold":10,"emerald":5,"umpan":5,"potion":1},{"id":"212699428887@s.whatsapp.net","besi":15,"gold":10,"emerald":5,"umpan":5,"potion":1},{"id":"212691006840@s.whatsapp.net","besi":15,"gold":10,"emerald":5,"umpan":5,"potion":1},{"id":"6281397930093@s.whatsapp.net","besi":18,"gold":10,"emerald":6,"umpan":5,"potion":1},{"id":"6289523908124@s.whatsapp.net","besi":20,"gold":10,"emerald":6,"umpan":3,"potion":1},{"id":"6282277421509@s.whatsapp.net","besi":15,"gold":10,"emerald":5,"umpan":5,"potion":1},{"id":"212697708119@s.whatsapp.net","besi":15,"gold":10,"emerald":5,"umpan":5,"potion":1},{"id":"212635277101@s.whatsapp.net","besi":15,"gold":10,"emerald":5,"umpan":5,"potion":1},{"id":"6287836020735@s.whatsapp.net","besi":15,"gold":10,"emerald":5,"umpan":5,"potion":1},{"id":"6287893884235@s.whatsapp.net","besi":15,"gold":10,"emerald":5,"umpan":5,"potion":1},{"id":"212617603081@s.whatsapp.net","besi":15,"gold":10,"emerald":5,"umpan":5,"potion":1},{"id":"5218261275256@s.whatsapp.net","besi":15,"gold":10,"emerald":5,"umpan":5,"potion":1},{"id":"6283877301667@s.whatsapp.net","besi":15,"gold":10,"emerald":5,"umpan":5,"potion":1},{"id":"62895336763965@s.whatsapp.net","besi":7,"gold":0,"emerald":3,"umpan":0,"potion":1},{"id":"6285779386736@s.whatsapp.net","besi":15,"gold":10,"emerald":5,"umpan":1,"potion":1},{"id":"6283817295940@s.whatsapp.net","besi":18,"gold":10,"emerald":8,"umpan":5,"potion":1},{"id":"62881027024819@s.whatsapp.net","besi":15,"gold":10,"emerald":5,"umpan":5,"potion":1},{"id":"6281292286714@s.whatsapp.net","besi":15,"gold":10,"emerald":5,"umpan":3,"potion":1},{"id":"60137711356@s.whatsapp.net","besi":24,"gold":10,"emerald":8,"umpan":5,"potion":1},{"id":"6285806334061@s.whatsapp.net","besi":22,"gold":10,"emerald":8,"umpan":3,"potion":1},{"id":"212609261282@s.whatsapp.net","besi":15,"gold":10,"emerald":5,"umpan":5,"potion":1},{"id":"6281994703510@s.whatsapp.net","besi":15,"gold":10,"emerald":5,"umpan":5,"potion":1},{"id":"6282376421199@s.whatsapp.net","besi":15,"gold":10,"emerald":5,"umpan":5,"potion":1}]