[{"id":"6281344175011@s.whatsapp.net","limit":13},{"id":"6281225377760@s.whatsapp.net","limit":13},{"id":"62895336763965@s.whatsapp.net","limit":14},{"id":"6282238785764@s.whatsapp.net","limit":14},{"id":"6282213227606@s.whatsapp.net","limit":14},{"id":"6281994703510@s.whatsapp.net","limit":12},{"id":"212628950871@s.whatsapp.net","limit":13},{"id":"6283154934023@s.whatsapp.net","limit":14},{"id":"6289501060783@s.whatsapp.net","limit":63837372},{"id":"6289653381067@s.whatsapp.net","limit":12},{"id":"6281324279692@s.whatsapp.net","limit":14},{"id":"6289523908124@s.whatsapp.net","limit":13},{"id":"6282376421199@s.whatsapp.net","limit":0},{"id":"6283120130733@s.whatsapp.net","limit":14},{"id":"6281338344409@s.whatsapp.net","limit":14},{"id":"60137711356@s.whatsapp.net","limit":14}]