[{"id":"6289501060783@s.whatsapp.net","monay":37765},{"id":"6281225377760@s.whatsapp.net","monay":1000},{"id":"6289523908124@s.whatsapp.net","monay":3199},{"id":"6281994703510@s.whatsapp.net","monay":2574},{"id":"62895336763965@s.whatsapp.net","monay":1531},{"id":"6281231178608@s.whatsapp.net","monay":1000},{"id":"6281547463839@s.whatsapp.net","monay":1000},{"id":"6285861152235@s.whatsapp.net","monay":1000},{"id":"6285861152235@s.whatsapp.net","monay":1000},{"id":"6281397930093@s.whatsapp.net","monay":1500},{"id":"6281328237193@s.whatsapp.net","monay":1680},{"id":"6287772005011@s.whatsapp.net","monay":1558},{"id":"62895410450540@s.whatsapp.net","monay":1000},{"id":"6282376421199@s.whatsapp.net","monay":1000},{"id":"60137711356@s.whatsapp.net","monay":7500}]