[{"id":"6289501060783@s.whatsapp.net"},{"id":"6289501060783@s.whatsapp.net"},{"id":"6289501060783@s.whatsapp.net"},{"id":"6283879334282@s.whatsapp.net"},{"id":"6281229665634@s.whatsapp.net"},{"id":"6289667877969@s.whatsapp.net"},{"id":"6283165190755@s.whatsapp.net"},{"id":"6283165190755@s.whatsapp.net"},{"id":"628871844667@s.whatsapp.net"},{"id":"6283109110271@s.whatsapp.net"},{"id":"628889312587@s.whatsapp.net"},{"id":"628985662425@s.whatsapp.net"},{"id":"628558782313@s.whatsapp.net"},{"id":"6283131434960@s.whatsapp.net"},{"id":"6282321424376@s.whatsapp.net"},{"id":"6285738842599@s.whatsapp.net"},{"id":"6289505790941@s.whatsapp.net"},{"id":"6281235206377@s.whatsapp.net"},{"id":"6285781076896@s.whatsapp.net"},{"id":"6282310985772@s.whatsapp.net"},{"id":"6282310985772@s.whatsapp.net"},{"id":"6283843046047@s.whatsapp.net"},{"id":"6289637769654@s.whatsapp.net"},{"id":"6283805585822@s.whatsapp.net"},{"id":"6289519808116@s.whatsapp.net"},{"id":"6289519808116@s.whatsapp.net"},{"id":"6283142108052@s.whatsapp.net"},{"id":"6283142108052@s.whatsapp.net"},{"id":"6283893268407@s.whatsapp.net"},{"id":"6285643170495@s.whatsapp.net"},{"id":"6283114254268@s.whatsapp.net"},{"id":"6285526317086@s.whatsapp.net"},{"id":"6285767449032@s.whatsapp.net"},{"id":"6281546828108@s.whatsapp.net"},{"id":"6288212520676@s.whatsapp.net"},{"id":"6285338346702@s.whatsapp.net"},{"id":"6281998063975@s.whatsapp.net"},{"id":"6289636705925@s.whatsapp.net"},{"id":"6289636705925@s.whatsapp.net"},{"id":"6289636705925@s.whatsapp.net"},{"id":"212628950871@s.whatsapp.net"},{"id":"6289517814754@s.whatsapp.net"},{"id":"6281352999178@s.whatsapp.net"},{"id":"6281352999178@s.whatsapp.net"},{"id":"6281352999178@s.whatsapp.net"},{"id":"6281352999178@s.whatsapp.net"},{"id":"6281352999178@s.whatsapp.net"},{"id":"6281352999178@s.whatsapp.net"},{"id":"6281352999178@s.whatsapp.net"},{"id":"6281352999178@s.whatsapp.net"},{"id":"6281352999178@s.whatsapp.net"},{"id":"6281352999178@s.whatsapp.net"},{"id":"6281352999178@s.whatsapp.net"},{"id":"6281352999178@s.whatsapp.net"},{"id":"6281352999178@s.whatsapp.net"},{"id":"6281352999178@s.whatsapp.net"},{"id":"6281352999178@s.whatsapp.net"},{"id":"6281352999178@s.whatsapp.net"},{"id":"6281352999178@s.whatsapp.net"},{"id":"6281352999178@s.whatsapp.net"},{"id":"6281352999178@s.whatsapp.net"},{"id":"6281352999178@s.whatsapp.net"},{"id":"6281352999178@s.whatsapp.net"},{"id":"6281352999178@s.whatsapp.net"},{"id":"6281352999178@s.whatsapp.net"},{"id":"6283183437050@s.whatsapp.net"},{"id":"6283899290041@s.whatsapp.net"},{"id":"6285864034992@s.whatsapp.net"},{"id":"6281383591303@s.whatsapp.net"},{"id":"6281352999178@s.whatsapp.net"},{"id":"6281352999178@s.whatsapp.net"},{"id":"6281352999178@s.whatsapp.net"},{"id":"6281352999178@s.whatsapp.net"},{"id":"6281238562754@s.whatsapp.net"},{"id":"6288210387012@s.whatsapp.net"},{"id":"6281365814200@s.whatsapp.net"},{"id":"6285334204536@s.whatsapp.net"},{"id":"6288210387012@s.whatsapp.net"},{"id":"6289513263224@s.whatsapp.net"},{"id":"6288210387012@s.whatsapp.net"},{"id":"6281365814200@s.whatsapp.net"},{"id":"6287860946983@s.whatsapp.net"},{"id":"6287860946983@s.whatsapp.net"},{"id":"6288975975318@s.whatsapp.net"},{"id":"212622668356@s.whatsapp.net"},{"id":"6283142181984@s.whatsapp.net"},{"id":"6283144837459@s.whatsapp.net"},{"id":"6282116835818@s.whatsapp.net"},{"id":"6281522528101@s.whatsapp.net"},{"id":"6281357282977@s.whatsapp.net"},{"id":"6283870712887@s.whatsapp.net"},{"id":"6289527603813@s.whatsapp.net"},{"id":"6282384019493@s.whatsapp.net"},{"id":"6289607804222@s.whatsapp.net"},{"id":"6281575127090@s.whatsapp.net"},{"id":"6288291933833@s.whatsapp.net"},{"id":"212620607867@s.whatsapp.net"},{"id":"6282316540609@s.whatsapp.net"},{"id":"6285158051933@s.whatsapp.net"},{"id":"6289502299922@s.whatsapp.net"},{"id":"6285872355042@s.whatsapp.net"},{"id":"6281275731196@s.whatsapp.net"},{"id":"6283806934247@s.whatsapp.net"},{"id":"6281210750370@s.whatsapp.net"},{"id":"6289513959511@s.whatsapp.net"},{"id":"6287849567382@s.whatsapp.net"},{"id":"212629047114@s.whatsapp.net"},{"id":"6283151457267@s.whatsapp.net"},{"id":"6283154581161@s.whatsapp.net"},{"id":"6281312048957@s.whatsapp.net"},{"id":"62895605186650@s.whatsapp.net"},{"id":"6281251793878@s.whatsapp.net"},{"id":"6282259421673@s.whatsapp.net"},{"id":"6289652488264@s.whatsapp.net"},{"id":"6288987010874@s.whatsapp.net"},{"id":"6283105628404@s.whatsapp.net"},{"id":"6285239259567@s.whatsapp.net"},{"id":"6281236747160@s.whatsapp.net"},{"id":"6282289274525@s.whatsapp.net"},{"id":"6288226195346@s.whatsapp.net"},{"id":"6285763288462@s.whatsapp.net"},{"id":"6285763288462@s.whatsapp.net"},{"id":"212625254705@s.whatsapp.net"},{"id":"6283173984933@s.whatsapp.net"},{"id":"6285779386736@s.whatsapp.net"},{"id":"6281225377760@s.whatsapp.net"},{"id":"6287708357324@s.whatsapp.net"},{"id":"6285748894171@s.whatsapp.net"},{"id":"62895336763965@s.whatsapp.net"},{"id":"6289654265626@s.whatsapp.net"},{"id":"6285298853752@s.whatsapp.net"},{"id":"6285892728039@s.whatsapp.net"},{"id":"6282330634655@s.whatsapp.net"},{"id":"6281994703510@s.whatsapp.net"},{"id":"6282376421199@s.whatsapp.net"},{"id":"6283120130733@s.whatsapp.net"},{"id":"6283833342559@s.whatsapp.net"},{"id":"212775486766@s.whatsapp.net"},{"id":"6287729860010@s.whatsapp.net"},{"id":"6285878105774@s.whatsapp.net"},{"id":"62881025719480@s.whatsapp.net"},{"id":"62882003448144@s.whatsapp.net"},{"id":"6281273849011@s.whatsapp.net"},{"id":"6281517621088@s.whatsapp.net"},{"id":"6281338344409@s.whatsapp.net"},{"id":"6289501728325@s.whatsapp.net"},{"id":"6289523908124@s.whatsapp.net"},{"id":"60137711356@s.whatsapp.net"},{"id":"6285335144197@s.whatsapp.net"},{"id":"6285823758501@s.whatsapp.net"},{"id":"6285223272352@s.whatsapp.net"},{"id":"6283181190038@s.whatsapp.net"}]