[
{"url":"https://i.top4top.io/m_2288o4dbl0.mp4"},
{"url":"https://j.top4top.io/m_2288lewhs1.mp4"},
{"url":"https://k.top4top.io/m_22884dtlr2.mp4"},
{"url":"https://l.top4top.io/m_22883c8jm3.mp4"},
{"url":"https://a.top4top.io/m_2288k3mk04.mp4"},
{"url":"https://b.top4top.io/m_2288xjuex5.mp4"},
{"url":"https://c.top4top.io/m_2288y74c86.mp4"},
{"url":"https://d.top4top.io/m_2288gw3ke7.mp4"},
{"url":"https://e.top4top.io/m_2288f14rz8.mp4"},
{"url":"https://f.top4top.io/m_2288pfp6n9.mp4"},
{"url":"https://a.top4top.io/m_2288bvo6d0.mp4"},
{"url":"https://d.top4top.io/m_2288uzwkb3.mp4"},
{"url":"https://e.top4top.io/m_2288c16ct4.mp4"},
{"url":"https://c.top4top.io/m_2288o30nz2.mp4"},
{"url":"https://f.top4top.io/m_2288xybzb5.mp4"},
{"url":"https://g.top4top.io/m_2288eu8z46.mp4"},
{"url":"https://b.top4top.io/m_22882yit51.mp4"},
{"url":"https://h.top4top.io/m_2288af6l07.mp4"},
{"url":"https://j.top4top.io/m_2288p2agr9.mp4"},
{"url":"https://i.top4top.io/m_2288ughus8.mp4"},
{"url":"https://g.top4top.io/m_2288w5f8j0.mp4"},
{"url":"https://h.top4top.io/m_2288y1jhl1.mp4"},
{"url":"https://j.top4top.io/m_2288xwtff3.mp4"},
{"url":"https://i.top4top.io/m_2288m4zul2.mp4"},
{"url":"https://k.top4top.io/m_22882h7yl4.mp4"},
{"url":"https://l.top4top.io/m_2288bgf395.mp4"}
]